season,recent_team,week,completions,attempts,passing_yards,passing_tds,interceptions,sacks,sack_yards,sack_fumbles,sack_fumbles_lost,passing_air_yards,passing_yards_after_catch,passing_first_downs,passing_2pt_conversions,carries,rushing_yards,rushing_tds,rushing_fumbles,rushing_fumbles_lost,rushing_first_downs,rushing_2pt_conversions,receptions,targets,receiving_yards,receiving_tds,receiving_fumbles,receiving_fumbles_lost,receiving_air_yards,receiving_yards_after_catch,receiving_first_downs,receiving_2pt_conversions,special_teams_tds,fantasy_points,fantasy_points_ppr
1999,ARI,1,25,48,274,1,3,1,8,0,0,0,0,15,0,36,78,1,1,1,6,0,25,47,274,1,1,0,0,0,15,0,0,54.16,79.16
1999,ARI,2,12,28,138,0,4,2,18,0,0,0,0,5,0,28,64,0,0,0,3,0,12,28,138,0,0,0,0,0,5,0,0,17.72,29.72
1999,ARI,3,16,31,176,0,2,5,27,1,0,0,0,9,0,29,101,1,1,0,8,0,16,29,176,0,1,1,0,0,9,0,0,34.74,50.739999999999995
1999,ARI,4,20,38,141,1,3,1,4,0,0,0,0,8,0,21,71,0,0,0,2,0,20,38,141,1,0,0,0,0,8,0,0,30.84,50.84
1999,ARI,5,17,27,197,1,0,4,22,0,0,0,0,11,0,26,32,1,0,0,2,0,17,27,197,1,0,0,0,0,11,0,0,46.78,63.78
1999,ARI,6,20,43,216,1,3,2,9,0,0,0,0,12,0,20,67,0,0,0,2,0,20,40,216,1,0,0,0,0,12,0,0,40.94,60.94
1999,ARI,8,13,39,111,0,2,3,21,0,0,0,0,4,0,19,76,0,0,0,4,0,13,39,111,0,0,0,0,0,4,0,0,19.14,32.14
1999,ARI,9,16,26,199,0,0,6,48,2,0,0,0,6,0,18,55,1,0,0,4,0,16,26,199,0,1,1,0,0,6,0,0,37.36,53.36
1999,ARI,10,16,30,209,0,0,3,25,0,0,0,0,9,0,31,157,2,2,1,7,0,16,29,209,0,0,0,0,0,9,0,0,54.96,70.96000000000001
1999,ARI,11,13,29,115,1,2,2,10,0,0,0,0,6,0,30,102,0,0,0,7,0,13,25,115,1,1,0,0,0,6,0,0,32.3,45.3
1999,ARI,12,23,35,251,2,0,4,29,2,1,0,0,13,0,34,69,1,1,0,8,0,23,35,251,2,0,0,0,0,13,0,0,66.03999999999999,89.03999999999999
1999,ARI,13,20,38,179,1,1,1,6,1,0,0,0,9,0,19,54,1,1,0,4,0,20,37,179,1,2,1,0,0,9,0,0,42.46,62.46
1999,ARI,14,14,30,140,0,2,5,27,1,0,0,0,6,0,14,53,0,1,1,1,0,14,29,140,0,0,0,0,0,6,0,0,18.9,32.9
1999,ARI,15,11,30,119,1,1,2,11,0,0,0,0,7,0,21,70,2,0,0,5,0,11,28,119,1,0,0,0,0,7,0,0,43.660000000000004,54.66
1999,ARI,16,15,26,217,0,2,1,5,0,0,0,0,7,0,23,70,2,1,0,7,0,15,24,217,0,0,0,0,0,7,0,0,45.379999999999995,60.379999999999995
1999,ARI,17,35,57,396,2,3,3,12,0,0,0,0,22,0,24,80,1,1,1,7,0,35,56,396,2,1,0,0,0,22,0,0,81.44,116.44
1999,ATL,1,18,31,290,1,0,2,12,1,1,0,0,16,0,23,81,1,0,0,3,0,18,31,290,1,1,1,0,11,16,0,0,60.7,78.7
1999,ATL,2,16,38,262,1,3,4,23,1,1,0,0,11,0,24,85,0,1,0,2,0,16,34,262,1,0,0,0,0,11,0,0,47.18,63.18
1999,ATL,3,18,30,174,1,1,2,15,0,0,0,0,10,0,22,68,0,1,0,2,0,18,30,174,1,0,0,0,0,10,0,0,39.160000000000004,57.16
1999,ATL,4,23,44,238,1,0,2,11,1,1,0,0,14,0,26,52,0,1,1,4,0,23,42,238,1,1,1,0,0,14,0,0,42.519999999999996,65.52
1999,ATL,5,11,20,162,1,0,3,15,1,1,0,0,4,0,33,104,1,2,1,8,0,11,19,162,1,0,0,0,0,4,0,0,45.08,56.08
1999,ATL,6,20,36,294,1,2,4,24,0,0,0,0,14,0,18,46,0,1,1,2,0,20,34,294,1,0,0,0,0,14,0,0,49.76,69.76
1999,ATL,7,20,34,233,1,1,7,46,0,0,0,0,14,0,24,48,0,1,0,1,0,20,31,233,1,0,0,0,0,14,0,0,45.42,65.42
1999,ATL,8,14,21,201,2,0,3,25,0,0,0,0,10,0,32,107,1,0,0,9,0,14,21,201,2,0,0,0,0,10,0,0,64.84,78.84
1999,ATL,9,17,28,203,1,2,9,63,0,0,0,0,9,0,11,42,0,0,0,1,0,17,26,203,1,1,0,0,0,9,0,0,38.62,55.62
1999,ATL,11,14,25,109,0,2,2,17,0,0,0,0,4,0,24,76,1,1,0,5,0,14,25,109,0,0,0,0,0,4,0,0,24.86,38.86
1999,ATL,12,24,42,315,4,0,4,36,1,1,0,0,16,0,14,53,0,0,0,3,0,24,40,315,4,0,0,0,0,16,0,0,87.4,111.4
1999,ATL,13,15,25,233,2,3,0,0,0,0,0,0,10,0,28,128,2,0,0,9,0,15,21,233,2,0,0,0,0,10,0,0,71.42,86.42
1999,ATL,14,9,27,106,0,1,5,39,0,0,0,0,4,0,12,38,0,0,0,1,0,9,27,106,0,0,0,0,0,4,0,1,22.64,31.64
1999,ATL,15,24,43,310,2,3,2,19,0,0,0,0,17,0,18,47,0,3,3,2,0,24,42,310,2,0,0,0,0,17,0,0,56.1,80.1
1999,ATL,16,14,23,230,1,0,0,0,0,0,0,0,10,0,39,163,3,1,0,11,0,14,23,230,1,0,0,0,0,10,0,0,76.5,90.5
1999,ATL,17,18,34,302,3,0,0,0,0,0,0,0,15,0,21,37,0,1,0,3,0,18,34,302,3,0,0,0,0,15,0,1,81.98,99.98
1999,BAL,2,14,31,178,1,2,2,11,1,1,0,0,8,0,26,83,1,0,0,3,0,14,31,178,1,0,0,0,0,8,0,0,43.22,57.22
1999,BAL,3,12,25,165,0,3,4,15,0,0,0,0,6,0,36,183,1,0,0,9,0,12,22,165,0,0,0,0,0,6,0,0,41.4,53.4
1999,BAL,4,13,27,192,2,0,5,29,0,0,0,0,9,0,34,144,0,0,0,8,0,13,27,192,2,0,0,0,0,9,0,0,61.28,74.28
1999,BAL,5,14,35,194,0,0,3,29,0,0,0,0,7,0,26,68,0,1,1,5,0,14,35,194,0,0,0,0,0,7,0,0,31.96,45.96
1999,BAL,7,23,51,172,0,3,0,0,0,0,0,0,7,0,27,105,1,0,0,8,1,23,49,172,0,0,0,0,0,7,0,0,36.58,59.58
1999,BAL,8,13,34,129,1,1,3,11,0,0,0,0,9,0,27,82,0,1,1,3,0,13,32,129,1,0,0,0,0,9,0,0,32.26,45.26
1999,BAL,9,14,25,129,1,0,2,17,0,0,0,0,9,0,38,203,3,0,0,11,0,14,25,129,1,0,0,0,0,9,0,0,66.36,80.36
1999,BAL,10,17,33,176,0,0,4,22,1,0,0,0,8,0,24,88,0,0,0,4,0,17,32,176,0,1,1,0,0,8,0,0,31.439999999999998,48.44
1999,BAL,11,24,40,274,2,1,7,49,2,1,0,0,10,0,26,56,1,0,0,4,0,24,38,274,2,0,0,0,0,10,0,0,65.96000000000001,89.96000000000001
1999,BAL,12,17,34,214,2,1,3,15,2,2,0,0,11,0,22,81,0,0,0,3,0,17,34,214,2,1,0,0,0,11,0,0,52.06,69.06
1999,BAL,13,18,31,332,4,0,1,0,1,1,0,0,12,0,22,116,0,0,0,4,0,18,30,332,4,0,0,0,0,12,0,0,96.08,114.08
1999,BAL,14,8,26,268,3,0,4,26,2,0,0,0,6,0,25,132,1,1,0,3,0,8,26,268,3,0,0,0,0,6,0,0,86.72,94.72
1999,BAL,15,23,38,264,2,4,5,24,0,0,0,0,12,0,24,61,0,0,0,2,0,23,35,264,2,0,0,0,0,12,0,0,55.06,78.06
1999,BAL,16,14,32,178,1,1,1,6,0,0,0,0,7,0,31,129,0,0,0,6,0,14,31,178,1,0,0,0,0,7,0,0,45.82,59.82
1999,BAL,17,26,40,251,0,2,7,57,1,1,0,0,14,0,23,119,0,0,0,8,0,26,40,251,0,1,1,0,0,14,0,0,39.04,65.03999999999999
1999,BUF,1,22,42,300,1,2,5,26,1,1,0,0,15,0,15,47,0,0,0,1,1,22,42,300,1,0,0,0,0,15,0,0,52.7,74.7
1999,BUF,2,14,24,153,0,0,0,0,0,0,0,0,10,0,46,210,2,2,1,10,0,14,23,153,0,0,0,0,0,10,0,0,52.42,66.42
1999,BUF,3,20,29,195,1,1,1,9,0,0,0,0,13,0,40,191,1,2,0,11,0,20,29,195,1,0,0,0,0,13,0,0,60.4,80.4
1999,BUF,4,12,25,186,1,0,1,9,0,0,0,0,6,0,27,73,0,0,0,4,0,12,25,186,1,0,0,0,0,6,0,0,43.34,55.34
1999,BUF,5,21,31,261,3,0,2,7,0,0,0,0,15,0,33,111,0,1,1,8,0,21,31,261,3,0,0,0,94,15,0,0,75.64,96.64
1999,BUF,6,19,40,210,1,2,1,9,0,0,0,0,9,0,13,109,1,0,0,5,0,19,39,210,1,0,0,0,66,9,0,0,52.3,71.3
1999,BUF,7,24,49,294,2,1,3,40,1,1,0,0,13,0,25,98,0,0,0,9,0,24,49,294,2,0,0,0,1,13,0,0,66.96,90.96
1999,BUF,8,16,38,136,0,3,2,9,0,0,0,0,7,0,29,111,0,0,0,7,0,16,38,136,0,0,0,0,0,7,0,0,24.14,40.14
1999,BUF,9,16,22,211,2,0,1,2,0,0,0,0,12,0,49,204,2,0,0,12,0,16,22,211,2,0,0,0,0,12,0,0,81.94,97.94
1999,BUF,10,10,20,157,1,0,0,0,0,0,0,0,8,0,46,162,1,0,0,8,0,10,19,157,1,0,0,0,0,8,0,0,54.18,64.18
1999,BUF,11,22,40,220,1,2,2,15,1,1,0,0,10,0,17,68,0,1,0,2,0,22,39,220,1,0,0,0,0,10,0,0,41.6,63.599999999999994
1999,BUF,12,9,16,207,2,0,0,0,0,0,0,0,7,0,35,92,0,2,1,4,0,9,15,207,2,0,0,0,0,7,0,0,56.18,65.18
1999,BUF,14,15,32,184,1,1,3,23,1,1,0,0,8,0,28,76,1,0,0,5,0,15,32,184,1,0,0,0,0,8,0,0,45.36,60.36
1999,BUF,15,21,31,239,2,2,2,22,0,0,0,0,12,0,41,159,1,0,0,13,0,21,29,239,2,0,0,0,0,12,0,1,77.36,98.36
1999,BUF,16,22,35,212,0,0,3,6,0,0,0,0,11,0,41,168,1,2,2,10,0,22,35,212,0,1,1,0,0,11,0,0,46.480000000000004,68.48
1999,BUF,17,24,32,287,2,0,0,0,0,0,0,0,15,0,31,132,2,0,0,7,0,24,32,287,2,0,0,0,0,15,0,0,85.38,109.38
1999,BUF,18,10,22,131,0,0,6,34,2,1,0,0,6,0,27,123,2,0,0,6,0,10,22,131,0,0,0,0,0,6,0,0,40.64,50.64
1999,CAR,1,16,32,207,1,1,7,46,1,1,0,0,9,0,16,85,0,0,0,3,0,16,30,207,1,0,0,0,0,9,0,0,43.48,59.48
1999,CAR,2,15,25,200,3,1,4,20,0,0,0,0,10,0,18,87,0,0,0,5,0,15,24,200,3,0,0,0,0,10,0,0,64.7,79.7
1999,CAR,3,17,23,204,1,0,1,7,1,0,0,0,10,0,18,146,2,1,1,3,0,17,22,204,1,0,0,0,0,10,0,0,63.160000000000004,80.16
1999,CAR,4,23,47,334,1,1,2,6,0,0,0,0,16,0,19,155,3,0,0,7,0,23,46,337,1,0,0,0,12,16,0,0,88.56,111.56
1999,CAR,6,23,36,300,4,3,2,18,0,0,0,0,14,0,27,101,0,1,1,4,0,23,36,300,4,0,0,0,89,14,0,0,84.1,107.1
1999,CAR,7,26,47,299,0,1,4,40,1,1,0,0,14,0,21,61,0,0,0,5,0,26,47,299,0,1,0,0,0,14,0,0,43.96,69.96
1999,CAR,8,21,35,256,0,3,5,23,0,0,0,0,12,0,18,63,1,1,1,4,0,21,32,256,0,0,0,0,0,12,0,1,46.14,67.14
1999,CAR,9,21,35,281,3,0,2,11,0,0,0,0,13,0,36,90,0,0,0,9,0,21,33,281,3,0,0,0,0,13,0,0,78.34,99.34
1999,CAR,10,23,36,283,1,2,6,26,0,0,0,0,13,0,23,117,0,0,0,4,0,23,36,283,1,1,1,0,0,13,0,0,55.32,78.32000000000001
1999,CAR,11,23,30,210,2,0,2,9,0,0,0,0,12,0,30,123,2,0,0,8,0,23,30,210,2,1,1,0,0,12,0,0,71.7,94.7
1999,CAR,12,18,27,262,3,0,2,8,1,0,0,0,14,0,38,126,1,1,1,5,0,18,27,262,3,0,0,0,0,14,0,0,83.28,101.28
1999,CAR,13,21,41,266,3,1,4,14,2,1,0,0,11,0,16,55,0,1,0,3,0,21,41,266,3,0,0,0,0,11,0,0,68.74,89.74
1999,CAR,14,28,41,369,3,0,1,5,1,1,0,0,17,0,11,8,0,1,1,0,0,28,41,369,3,0,0,0,0,17,0,0,78.46,106.46
1999,CAR,15,27,38,368,4,0,1,6,0,0,0,0,16,0,26,90,1,0,0,8,0,27,38,368,4,0,0,0,0,16,0,0,106.52,133.52
1999,CAR,16,18,35,263,2,1,1,7,0,0,0,0,10,0,19,105,1,2,2,5,0,18,35,263,2,0,0,0,0,10,0,0,67.32000000000001,85.32
1999,CAR,17,22,41,322,5,0,6,34,1,1,0,0,15,0,14,67,0,0,0,2,0,22,41,322,5,0,0,0,0,15,0,1,105.78,127.78
1999,CHI,1,31,46,322,2,0,1,15,1,1,0,0,16,0,28,81,0,0,0,6,0,31,46,322,2,0,0,0,0,16,0,0,71.18,102.18
1999,CHI,2,22,43,208,0,0,3,20,0,0,0,0,11,0,30,115,1,1,1,7,0,22,43,208,0,0,0,0,0,11,0,0,44.620000000000005,66.62
1999,CHI,3,22,34,211,2,1,3,18,2,1,0,0,9,0,15,33,0,0,0,1,0,22,34,211,2,1,1,0,0,9,0,0,46.84,68.84
1999,CHI,4,25,43,224,2,2,3,12,1,1,0,0,11,0,28,112,0,1,1,8,0,25,43,224,2,1,1,0,0,11,0,0,52.56,77.56
1999,CHI,5,27,41,270,2,0,1,3,0,0,0,0,15,0,32,92,0,0,0,5,0,27,41,270,2,0,0,0,0,15,0,0,67.0,94.0
1999,CHI,6,17,32,255,1,2,4,16,0,0,0,0,10,0,28,103,0,1,0,4,0,17,32,255,1,0,0,0,102,10,0,0,52.0,69.0
1999,CHI,7,19,44,199,0,1,2,10,1,0,0,0,9,0,24,86,0,0,0,6,0,19,43,199,0,0,0,0,0,9,0,0,34.46,53.46
1999,CHI,8,36,62,385,3,4,3,14,0,0,0,0,17,0,26,74,0,2,1,5,1,36,57,385,3,0,0,0,0,17,0,0,83.3,119.3
1999,CHI,9,18,34,157,1,3,1,6,0,0,0,0,9,0,29,160,1,1,1,9,0,18,34,157,1,1,0,0,0,9,0,0,45.98,63.98
1999,CHI,10,34,48,422,3,1,3,15,2,1,0,0,16,0,22,49,0,0,0,4,0,34,48,422,3,1,0,0,232,16,0,0,89.98,123.98
1999,CHI,11,25,38,357,1,0,1,2,0,0,0,0,13,0,28,75,1,1,0,4,0,25,38,357,1,1,1,0,0,13,0,0,71.48,96.48
1999,CHI,12,24,38,195,2,1,2,20,0,0,0,0,11,0,12,52,0,1,0,1,0,24,38,195,2,0,0,0,0,11,0,0,50.5,74.5
1999,CHI,13,21,39,226,0,1,3,20,0,0,0,0,10,0,22,76,1,2,1,4,0,21,39,226,0,1,0,0,0,10,0,0,41.24,62.239999999999995
1999,CHI,15,26,35,288,4,2,2,9,0,0,0,0,16,0,31,101,0,0,0,8,0,26,35,288,4,1,0,0,174,16,0,0,86.42,112.42
1999,CHI,16,32,55,391,2,2,4,26,1,1,0,0,20,0,17,69,0,1,0,3,0,32,54,391,2,0,0,0,0,20,0,0,75.64,107.64
1999,CHI,17,20,41,196,0,0,2,10,1,1,0,0,8,0,18,71,0,1,0,5,0,20,40,196,0,0,0,0,0,8,0,0,32.54,52.540000000000006
1999,CIN,1,19,33,193,2,2,1,0,0,0,0,0,14,2,41,201,2,1,0,12,0,19,32,193,2,0,0,0,0,14,2,0,83.12,102.12
1999,CIN,2,17,33,168,1,1,3,35,2,1,0,0,6,0,16,46,0,2,1,3,0,17,30,168,1,0,0,0,0,6,0,0,32.120000000000005,49.12
1999,CIN,3,24,43,251,0,1,3,8,0,0,0,0,13,0,27,124,0,0,0,7,0,24,43,251,0,0,0,0,0,13,0,0,45.54,69.54
1999,CIN,4,18,40,179,0,1,3,26,0,0,0,0,12,0,26,92,1,0,0,4,0,18,39,179,0,0,0,0,0,12,0,0,38.26,56.26
1999,CIN,5,25,40,221,2,0,4,17,0,0,0,0,10,0,34,203,0,0,0,11,0,25,39,221,2,0,0,0,0,10,0,0,71.24,96.24
1999,CIN,6,19,38,207,0,2,4,30,1,0,0,0,9,0,20,84,0,0,0,4,0,19,35,207,0,0,0,0,0,9,0,0,33.38,52.379999999999995
1999,CIN,7,16,30,164,0,0,5,25,0,0,0,0,6,0,25,96,0,0,0,5,0,16,30,164,0,0,0,0,0,6,0,0,32.56,48.56
1999,CIN,8,19,35,220,1,2,4,21,0,0,0,0,10,0,22,92,0,1,1,4,0,19,34,220,1,0,0,0,0,10,0,0,44.0,63.0
1999,CIN,9,20,38,302,1,2,1,8,1,0,0,0,11,0,22,102,1,0,0,7,0,20,37,302,1,0,0,0,0,11,0,0,64.48,84.47999999999999
1999,CIN,10,17,31,218,1,0,7,39,2,2,0,0,12,0,19,67,0,0,0,1,0,17,31,218,1,1,1,0,0,12,0,1,47.22,64.22
1999,CIN,11,20,39,246,3,2,0,0,0,0,0,0,11,0,22,98,0,0,0,5,0,20,36,246,3,0,0,0,0,11,0,1,76.24,96.24
1999,CIN,12,15,28,241,1,1,2,6,0,0,0,0,7,0,35,180,1,1,0,11,0,15,28,241,1,0,0,0,0,7,0,0,65.74,80.74
1999,CIN,13,21,30,334,4,0,2,9,0,0,0,0,15,0,28,151,1,1,0,9,0,21,29,334,4,0,0,0,0,15,0,0,107.86,128.85999999999999
1999,CIN,14,12,23,180,1,0,0,0,0,0,0,0,9,0,51,255,4,4,1,14,0,12,22,180,1,0,0,0,0,9,0,1,88.7,100.7
1999,CIN,16,20,36,187,0,2,7,39,2,1,0,0,9,0,25,93,0,1,0,5,0,20,36,187,0,0,0,0,0,9,0,0,29.48,49.480000000000004
1999,CIN,17,13,22,141,0,2,3,15,0,0,0,0,5,0,18,110,1,0,0,6,0,13,22,141,0,0,0,0,0,5,0,0,32.74,45.739999999999995
1999,CLE,1,6,16,52,0,2,3,21,1,1,0,0,2,0,9,9,0,0,0,0,0,6,13,52,0,0,0,0,0,2,0,0,2.18,8.18
1999,CLE,2,12,24,134,1,0,7,44,1,1,0,0,6,0,16,83,0,0,0,6,0,12,24,134,1,1,0,0,0,6,0,0,35.06,47.06
1999,CLE,3,12,30,122,1,1,4,34,1,1,0,0,3,0,24,100,0,0,0,5,0,12,29,122,1,0,0,0,0,3,0,0,33.08,45.08
1999,CLE,4,13,28,201,1,0,4,21,0,0,0,0,8,0,19,60,0,1,0,3,0,13,27,201,1,0,0,0,0,8,0,0,44.14,57.14
1999,CLE,5,15,27,164,0,1,3,20,1,0,0,0,6,0,23,80,2,1,0,6,0,15,27,164,0,0,0,0,0,6,0,0,40.96,55.96
1999,CLE,6,17,22,150,1,0,4,31,0,0,0,0,9,0,28,113,0,2,1,4,0,17,21,150,1,0,0,0,35,9,0,0,40.3,57.3
1999,CLE,7,22,40,185,0,2,1,7,0,0,0,0,10,0,15,94,0,0,0,3,0,22,40,185,0,0,0,0,0,10,0,0,31.3,53.3
1999,CLE,8,11,19,193,3,0,2,12,0,0,0,0,7,0,21,62,0,0,0,2,0,11,19,193,3,0,0,0,0,7,0,0,63.22,74.22
1999,CLE,9,16,36,138,1,2,3,24,0,0,0,0,5,0,20,56,0,2,0,3,0,16,32,138,1,0,0,0,0,5,0,0,30.92,46.92
1999,CLE,10,17,25,176,2,0,6,38,1,1,0,0,7,0,20,72,0,0,0,4,0,17,25,176,2,0,0,0,0,7,0,0,49.839999999999996,66.84
1999,CLE,11,29,45,259,1,2,1,2,0,0,0,0,15,0,18,48,1,1,0,4,0,29,44,259,1,0,0,0,0,15,0,0,53.06,82.06
1999,CLE,12,19,35,262,2,0,7,34,1,1,0,0,12,0,24,81,1,2,0,5,0,19,35,262,2,1,0,0,0,12,0,0,68.78,87.78
1999,CLE,13,17,29,181,1,2,6,37,1,0,0,0,8,0,16,55,0,0,0,3,0,17,28,181,1,0,0,0,0,8,0,0,36.84,53.84
1999,CLE,14,22,41,328,3,2,3,16,0,0,0,0,14,0,11,11,1,1,1,2,1,22,38,328,3,0,0,0,0,14,0,0,79.02000000000001,101.02
1999,CLE,15,24,41,241,1,0,6,44,0,0,0,0,12,0,20,72,1,1,1,5,0,24,40,241,1,0,0,0,0,12,0,0,54.94,78.94
1999,CLE,16,15,26,173,1,0,0,0,0,0,0,0,8,0,26,141,3,0,0,9,0,15,26,173,1,0,0,0,0,8,0,0,66.32,81.32
1999,DAL,1,27,48,355,5,3,1,7,0,0,0,0,15,0,34,186,1,1,0,13,0,27,48,355,5,0,0,0,0,15,0,0,118.3,145.3
1999,DAL,2,9,21,101,0,2,2,11,0,0,0,0,3,0,37,134,2,0,0,8,0,9,20,101,0,0,0,0,0,3,0,0,35.54,44.54
1999,DAL,4,14,19,186,2,0,0,0,0,0,0,0,8,0,39,114,1,2,1,8,0,14,19,186,2,0,0,0,0,8,0,0,61.440000000000005,75.44
1999,DAL,5,21,38,177,1,2,1,7,0,0,0,0,7,0,32,130,0,2,1,10,0,21,38,177,1,0,0,0,0,7,0,0,41.78,62.78
1999,DAL,6,19,31,260,0,1,3,16,0,0,0,0,10,0,25,24,1,1,0,2,0,19,31,260,0,0,0,0,0,10,0,0,42.8,61.8
1999,DAL,7,20,32,244,2,0,0,0,0,0,0,0,11,0,33,102,2,0,0,8,0,20,32,244,2,1,1,0,0,11,0,1,80.36,100.36
1999,DAL,8,19,25,159,0,0,5,30,2,1,0,0,8,0,26,103,3,0,0,10,0,19,25,159,0,0,0,0,0,8,0,0,48.56,67.56
1999,DAL,9,17,35,133,0,1,2,10,1,0,0,0,7,0,24,205,2,0,0,6,0,17,35,133,0,0,0,0,0,7,0,0,49.12,66.12
1999,DAL,10,13,23,199,2,0,2,9,0,0,0,0,10,0,33,145,0,2,2,6,0,13,23,199,2,0,0,0,0,10,0,0,58.36,71.36
1999,DAL,11,16,29,111,1,0,2,9,0,0,0,0,3,0,33,158,0,0,0,10,0,16,27,111,1,0,0,0,0,3,0,0,41.339999999999996,57.339999999999996
1999,DAL,12,15,26,215,1,0,1,9,0,0,0,0,7,0,34,101,0,0,0,6,0,15,26,215,1,0,0,0,0,7,0,0,50.2,65.2
1999,DAL,13,20,29,160,0,0,3,20,1,0,0,0,7,0,23,63,0,1,0,5,0,20,29,160,0,0,0,0,0,7,0,0,28.7,48.7
1999,DAL,14,22,40,242,1,0,1,17,1,0,0,0,11,0,31,112,1,1,1,9,0,22,40,242,1,0,0,0,0,11,0,0,59.08,81.08
1999,DAL,15,12,27,158,1,1,1,6,0,0,0,0,5,0,31,195,2,0,0,11,0,12,27,158,1,0,0,0,0,5,0,0,61.62,73.62
1999,DAL,16,23,39,246,2,2,0,0,0,0,0,0,12,0,25,121,1,0,0,9,0,23,38,246,2,1,1,0,0,12,0,0,66.53999999999999,89.54
1999,DAL,17,23,33,288,2,0,0,0,0,0,0,0,13,0,29,149,0,0,0,7,0,23,33,288,2,0,0,0,0,13,0,0,75.22,98.22
1999,DAL,18,22,36,286,0,0,1,8,0,0,0,0,12,0,16,111,1,0,0,4,0,22,36,286,0,2,2,0,0,12,0,0,53.14,75.14
1999,DEN,1,24,40,270,3,0,2,30,1,1,0,0,17,0,26,113,0,1,0,5,0,24,39,270,3,0,0,0,9,17,0,0,77.1,101.1
1999,DEN,2,20,31,172,0,2,2,16,1,1,0,0,10,0,26,88,1,3,1,4,0,20,29,172,0,0,0,0,0,10,0,0,30.880000000000003,50.88
1999,DEN,3,14,27,132,1,1,2,12,1,0,0,0,5,0,20,53,0,1,0,3,0,14,27,132,1,0,0,0,0,5,0,0,31.78,45.78
1999,DEN,4,18,36,234,0,5,1,16,1,1,0,0,8,0,29,108,1,0,0,8,0,18,33,234,0,0,0,0,0,8,0,0,37.56,55.56
1999,DEN,5,17,30,234,1,1,2,13,0,0,0,0,10,0,27,80,0,1,0,5,0,17,30,234,1,1,1,0,0,10,0,0,46.760000000000005,63.76
1999,DEN,6,19,30,363,2,1,0,0,1,0,0,0,15,0,51,151,2,0,0,11,0,19,29,363,2,0,0,0,0,15,0,0,95.92,114.92
1999,DEN,7,25,38,316,1,0,3,7,0,0,0,0,13,0,27,133,1,1,0,7,0,25,38,316,1,0,0,0,0,13,0,0,73.54,98.53999999999999
1999,DEN,8,24,39,274,1,1,4,18,0,0,0,0,14,0,30,135,1,2,2,9,1,24,36,274,1,0,0,0,0,14,0,0,63.86,87.86
1999,DEN,9,13,23,151,0,0,5,39,1,0,0,0,7,0,31,114,2,0,0,8,0,13,22,151,0,0,0,0,0,7,0,0,44.54,57.54
1999,DEN,10,20,30,239,2,1,1,3,0,0,0,0,9,0,31,87,0,0,0,6,0,20,30,239,2,0,0,0,0,9,0,0,60.16,80.16
1999,DEN,11,18,41,182,0,0,2,11,0,0,0,0,9,0,30,120,2,3,1,7,0,18,39,182,0,0,0,0,0,9,0,0,47.48,65.48
1999,DEN,13,19,35,219,0,1,2,19,0,0,0,0,8,0,18,83,1,0,0,5,0,19,33,219,0,0,0,0,0,8,0,0,42.96,61.96
1999,DEN,14,20,32,274,2,2,1,7,1,0,0,0,12,0,27,90,1,2,0,5,0,20,32,274,2,0,0,0,0,12,0,0,69.36,89.36
1999,DEN,15,20,38,180,2,2,2,10,0,0,0,0,11,0,32,240,0,0,0,10,0,20,38,180,2,0,0,0,0,11,0,1,71.2,91.2
1999,DEN,16,21,29,154,1,1,1,6,0,0,0,0,6,0,36,204,1,0,0,12,0,21,28,154,1,0,0,0,0,6,0,0,55.96,76.96
1999,DEN,17,23,44,211,0,0,4,20,0,0,0,0,11,0,21,44,0,2,1,2,0,23,44,211,0,0,0,0,0,11,0,0,31.939999999999998,54.94
1999,DET,1,16,26,216,3,1,5,14,0,0,0,0,10,0,36,167,0,0,0,9,0,16,26,216,3,1,0,0,0,10,0,0,74.94,90.94
1999,DET,2,8,15,174,2,2,4,23,0,0,0,0,5,0,32,82,1,2,0,3,0,8,14,174,2,0,0,0,0,5,0,0,54.56,62.56
1999,DET,3,16,34,213,2,2,4,20,0,0,0,0,11,1,22,118,1,0,0,6,0,16,30,213,2,0,0,0,0,11,1,0,67.62,83.62
1999,DET,5,21,38,230,1,1,6,38,0,0,0,0,7,0,24,37,0,2,2,6,0,21,37,230,1,0,0,0,0,7,0,0,39.9,60.9
1999,DET,6,24,40,210,0,0,4,21,0,0,0,0,13,0,25,110,0,1,1,5,0,24,36,210,0,0,0,0,0,13,0,0,38.4,62.400000000000006
1999,DET,7,15,26,206,2,1,0,0,0,0,0,0,12,0,27,90,1,0,0,5,0,15,26,206,2,0,0,0,0,12,0,0,61.839999999999996,76.84
1999,DET,8,10,19,128,0,0,3,19,0,0,0,0,5,0,24,147,1,0,0,6,0,10,19,128,0,0,0,0,0,5,0,0,38.620000000000005,48.62
1999,DET,9,22,36,357,3,0,7,46,2,0,0,0,14,1,20,21,0,1,0,1,0,22,35,357,3,0,0,0,0,14,1,0,86.08,108.08
1999,DET,10,24,39,375,2,0,5,44,1,0,0,0,13,0,14,42,0,0,0,2,0,24,39,375,2,1,1,0,0,13,0,0,74.7,98.7
1999,DET,11,20,39,225,1,2,0,0,0,0,0,0,13,0,23,110,1,0,0,4,0,20,35,225,1,0,0,0,0,13,0,0,54.5,74.5
1999,DET,12,28,41,303,2,0,2,16,0,0,0,0,14,0,29,84,1,0,0,5,0,28,41,303,2,0,0,0,0,14,0,0,76.82000000000001,104.82000000000001
1999,DET,13,21,32,280,1,0,4,15,0,0,0,0,9,0,15,31,0,0,0,2,0,21,32,280,1,0,0,0,0,9,0,1,58.3,79.3
1999,DET,14,23,44,241,0,1,4,31,1,0,0,0,12,0,20,55,1,0,0,4,0,23,44,241,0,0,0,0,0,12,0,0,43.24,66.24
1999,DET,15,23,40,253,0,3,3,17,0,0,0,0,9,0,17,59,1,1,1,6,0,23,40,253,0,0,0,0,136,9,0,0,39.32,62.32
1999,DET,16,21,39,267,1,0,5,25,2,0,0,0,13,0,12,32,0,0,0,2,0,21,39,267,1,0,0,0,5,13,0,0,50.58,71.58
1999,DET,17,31,46,341,2,1,7,55,1,1,0,0,18,0,14,16,0,0,0,0,0,31,46,341,2,0,0,0,0,18,0,0,65.34,96.33999999999999
1999,DET,18,21,45,251,1,1,4,30,1,0,0,0,12,0,10,45,0,0,0,1,0,21,39,251,1,0,0,0,0,12,0,1,53.64,74.64
1999,GB,1,28,47,333,4,3,3,15,0,0,0,0,19,0,19,86,0,1,1,5,0,28,42,333,4,0,0,0,0,19,0,0,87.22,115.22
1999,GB,2,20,41,288,0,1,1,5,0,0,0,0,10,0,31,154,1,2,2,9,0,20,41,288,0,0,0,0,-1,10,0,0,55.72,75.72
1999,GB,3,24,38,304,1,0,2,15,0,0,0,0,15,0,21,65,0,0,0,4,0,24,37,304,1,0,0,0,0,15,0,0,59.06,83.06
1999,GB,5,21,38,382,2,0,5,38,1,0,0,0,12,0,22,93,0,0,0,5,0,21,38,382,2,1,1,0,0,12,0,0,80.78,101.78
1999,GB,6,7,23,120,0,3,1,8,1,0,0,0,4,0,11,21,1,0,0,1,0,7,19,120,0,0,0,0,0,4,0,0,18.9,25.9
1999,GB,7,12,25,173,3,1,1,7,0,0,0,0,9,0,27,124,1,1,1,8,0,12,25,173,3,0,0,0,0,9,0,0,68.62,80.62
1999,GB,8,15,40,211,1,4,4,30,2,2,0,0,8,0,27,117,0,0,0,7,0,15,37,211,1,1,0,0,0,8,0,0,39.24,54.24
1999,GB,9,26,39,253,1,1,3,13,1,0,0,0,15,0,28,79,0,0,0,2,0,26,39,253,1,0,0,0,0,15,0,0,51.32,77.32000000000001
1999,GB,10,26,50,260,1,2,3,16,0,0,0,0,13,0,17,40,0,0,0,2,0,26,48,260,1,0,0,0,0,13,0,0,46.400000000000006,72.4
1999,GB,11,26,40,309,1,0,1,2,0,0,0,0,15,1,27,64,1,0,0,3,0,26,39,309,1,0,0,0,0,15,1,0,69.66,95.66
1999,GB,12,24,35,236,2,0,1,7,0,0,0,0,13,0,22,79,0,0,0,4,0,24,35,236,2,0,0,0,0,13,0,0,60.940000000000005,84.94000000000001
1999,GB,13,17,24,155,1,2,2,16,0,0,0,0,9,0,35,188,3,0,0,9,0,17,24,155,1,1,0,0,0,9,0,0,64.5,81.5
1999,GB,14,26,37,302,2,1,2,19,0,0,0,0,14,0,24,79,1,1,0,10,0,26,37,302,2,1,1,0,0,14,0,0,72.17999999999999,98.17999999999999
1999,GB,15,23,40,238,1,2,3,13,2,1,0,0,14,0,28,107,1,0,0,4,0,23,37,238,1,1,0,0,0,14,0,0,54.019999999999996,77.02
1999,GB,16,25,48,234,1,2,1,3,0,0,0,0,12,0,12,12,0,1,1,1,0,25,48,234,1,1,1,0,0,12,0,0,35.96,60.96
1999,GB,17,21,34,311,2,1,2,12,1,0,0,0,13,0,28,176,4,1,0,13,0,21,34,311,2,0,0,0,0,13,0,1,109.14,130.14000000000001
1999,IND,1,21,33,284,2,2,0,0,0,0,0,0,13,0,28,69,1,1,1,4,0,21,32,284,2,0,0,0,0,13,0,0,66.66,87.66
1999,IND,2,17,29,210,3,2,0,0,0,0,0,0,11,0,32,118,1,1,1,7,0,17,29,210,3,1,1,0,0,11,0,0,69.2,86.2
1999,IND,3,29,53,404,2,1,0,0,0,0,0,0,20,0,21,54,1,1,0,3,0,29,53,404,2,0,0,0,0,20,0,0,85.96,114.96
1999,IND,5,17,24,274,3,1,2,10,0,0,0,0,11,0,23,62,0,1,1,5,0,17,24,274,3,0,0,0,0,11,0,1,76.56,93.56
1999,IND,6,21,35,210,1,1,0,0,0,0,0,0,11,0,28,108,0,0,0,6,0,21,35,210,1,2,0,0,0,11,0,0,48.2,69.2
1999,IND,7,17,33,284,2,1,1,6,0,0,0,0,12,0,28,57,2,0,0,3,0,17,33,284,2,0,0,0,0,12,0,0,75.46000000000001,92.46000000000001
1999,IND,8,21,33,294,1,0,1,13,0,0,0,0,10,1,26,111,1,2,0,7,0,21,33,294,1,1,0,0,0,10,1,0,72.26,93.26
1999,IND,9,20,32,269,1,1,3,34,0,0,0,0,12,0,21,119,1,1,1,6,0,20,32,269,1,0,0,0,0,12,0,0,61.56,81.56
1999,IND,10,20,35,237,2,1,0,0,0,0,0,0,9,0,19,105,0,0,0,2,0,20,35,237,2,0,0,0,0,9,0,1,67.68,87.68
1999,IND,11,20,31,263,3,1,1,8,0,0,0,0,11,0,35,192,2,0,0,8,0,20,30,263,3,2,2,0,0,11,0,0,92.02,112.02000000000001
1999,IND,12,23,31,198,1,2,2,11,0,0,0,0,16,0,26,93,0,0,0,4,0,23,29,198,1,1,1,0,0,16,0,0,41.02,64.02
1999,IND,13,22,28,253,1,2,2,19,0,0,0,0,13,0,25,129,2,0,0,6,0,22,28,253,1,0,0,0,0,13,0,0,66.32,88.32
1999,IND,14,15,27,186,2,0,1,8,0,0,0,0,7,0,25,109,0,2,1,7,0,15,27,186,2,0,0,0,0,7,0,0,54.94,69.94
1999,IND,15,22,36,270,2,1,1,7,1,1,0,0,15,0,22,80,1,1,0,5,0,22,36,270,2,1,1,0,0,15,0,0,65.8,87.8
1999,IND,16,27,43,276,0,0,0,0,0,0,0,0,16,0,30,120,3,1,0,10,0,27,42,276,0,0,0,0,0,16,0,0,68.64,95.64
1999,IND,17,21,37,182,0,1,0,0,0,0,0,0,9,0,19,44,0,0,0,3,0,21,35,182,0,0,0,0,0,9,0,0,27.88,48.879999999999995
1999,IND,19,19,42,227,0,0,0,0,0,0,0,0,13,0,23,78,1,0,0,3,0,19,41,227,0,1,0,0,0,13,0,0,45.58,64.58
1999,JAX,1,22,31,265,1,0,2,18,0,0,0,0,11,0,34,97,1,0,0,8,1,22,31,265,1,0,0,0,0,11,0,1,70.8,92.8
1999,JAX,2,20,32,214,0,0,2,14,1,1,0,0,14,0,45,211,2,0,0,12,0,20,30,214,0,0,0,0,0,14,0,0,61.06,81.06
1999,JAX,3,22,42,232,1,3,0,0,0,0,0,0,14,0,33,137,0,2,1,7,0,22,40,232,1,0,0,0,0,14,0,0,48.18,70.17999999999999
1999,JAX,4,10,23,85,1,0,1,5,0,0,0,0,5,0,34,120,0,0,0,6,0,10,23,85,1,0,0,0,0,5,0,0,33.9,43.9
1999,JAX,5,21,34,215,0,0,2,18,0,0,0,0,5,0,33,124,1,1,1,11,0,21,31,215,0,0,0,0,0,5,0,0,46.5,67.5
1999,JAX,6,24,33,222,1,0,0,0,0,0,0,0,16,1,32,97,1,0,0,4,0,24,33,222,1,0,0,0,8,16,1,0,60.78,84.78
1999,JAX,8,17,28,214,2,0,2,20,0,0,0,0,13,0,34,183,3,0,0,10,0,17,28,214,2,0,0,0,0,13,0,0,86.26,103.25999999999999
1999,JAX,9,19,34,238,3,0,3,23,1,0,0,0,12,0,34,152,0,0,0,8,0,19,34,238,3,0,0,0,0,12,0,0,78.52000000000001,97.52000000000001
1999,JAX,10,20,29,118,0,0,6,33,0,0,0,0,6,0,24,29,0,0,0,1,0,20,29,118,0,1,0,0,0,6,0,0,19.42,39.42
1999,JAX,11,21,32,372,2,1,3,17,0,0,0,0,17,0,25,127,2,0,0,8,0,21,32,372,2,0,0,0,0,17,0,1,100.78,121.78
1999,JAX,12,27,47,338,2,2,3,10,0,0,0,0,20,2,25,60,1,0,0,3,0,27,47,338,2,0,0,0,0,20,2,0,83.32,110.32
1999,JAX,13,25,37,308,1,0,2,10,0,0,0,0,15,0,34,168,1,0,0,7,0,25,37,308,1,1,1,0,0,15,0,0,73.92,98.92
1999,JAX,14,11,25,115,0,0,3,11,1,0,0,0,6,0,31,160,3,3,0,9,0,11,25,115,0,0,0,0,0,6,0,0,50.1,61.1
1999,JAX,15,21,33,267,1,1,1,6,0,0,0,0,13,0,33,181,2,0,0,7,0,21,33,267,1,1,1,0,0,13,0,0,73.48,94.48
1999,JAX,16,12,33,196,0,3,4,24,1,0,0,0,8,0,18,65,1,0,0,5,0,12,32,196,0,0,0,0,0,8,0,1,39.94,51.94
1999,JAX,17,28,39,317,1,0,2,12,0,0,0,0,19,0,36,135,2,1,1,10,0,28,38,317,1,0,0,0,0,19,0,0,77.88,105.88
1999,JAX,19,11,19,260,4,1,2,14,0,0,0,0,9,0,45,257,3,0,0,10,0,11,19,260,4,0,0,0,0,9,0,0,118.1,129.1
1999,JAX,20,19,38,226,1,2,3,10,2,1,0,0,12,0,23,144,1,0,0,5,0,19,38,226,1,2,2,0,4,12,0,0,52.04,71.03999999999999
1999,KC,1,20,42,283,1,1,1,5,1,0,0,0,11,0,16,69,0,0,0,5,0,20,41,283,1,0,0,0,0,11,0,0,54.519999999999996,74.52
1999,KC,2,15,20,179,0,1,1,2,0,0,0,0,7,0,41,188,2,1,0,9,0,15,17,179,0,0,0,0,0,7,0,0,53.86,68.86
1999,KC,3,20,29,235,2,0,1,7,0,0,0,0,13,0,35,155,2,0,0,7,0,20,29,235,2,0,0,0,0,13,0,0,80.4,100.4
1999,KC,4,19,39,200,2,3,1,7,1,0,0,0,12,0,37,120,0,1,0,6,0,19,36,200,2,0,0,0,0,12,0,0,54.0,73.0
1999,KC,5,18,26,198,0,1,2,9,0,0,0,0,10,0,41,139,1,0,0,10,0,18,25,198,0,1,1,0,0,10,0,0,43.62,61.62
1999,KC,7,9,16,112,2,0,1,6,0,0,0,0,8,0,35,112,1,0,0,3,0,9,16,112,2,0,0,0,0,8,0,0,52.879999999999995,61.879999999999995
1999,KC,8,11,15,194,2,0,1,8,1,0,0,0,6,0,39,97,1,0,0,4,0,11,15,194,2,0,0,0,0,6,0,0,62.86,73.86
1999,KC,9,19,34,216,1,0,1,5,0,0,0,0,13,0,29,108,1,0,0,5,0,19,32,216,1,0,0,0,0,13,0,0,57.04,76.03999999999999
1999,KC,10,23,38,202,1,1,2,18,1,1,0,0,9,0,22,87,0,1,1,2,0,23,37,202,1,1,0,0,0,9,0,0,40.980000000000004,63.980000000000004
1999,KC,11,29,48,291,0,1,2,25,0,0,0,0,15,0,25,76,2,0,0,6,0,29,40,291,0,1,1,0,0,15,0,0,56.34,85.34
1999,KC,12,18,27,226,1,2,4,31,1,1,0,0,4,0,28,98,1,0,0,10,0,18,27,226,1,0,0,0,0,4,0,0,51.44,69.44
1999,KC,13,20,32,183,1,1,1,8,0,0,0,0,9,0,38,177,0,0,0,8,0,20,29,183,1,1,0,0,0,9,0,1,57.32,77.32
1999,KC,14,19,29,215,2,0,2,8,0,0,0,0,12,0,40,173,1,2,2,9,0,19,29,215,2,0,0,0,0,12,0,0,69.4,88.4
1999,KC,15,12,22,149,2,0,1,4,0,0,0,0,9,0,31,213,2,1,0,7,0,12,21,149,2,0,0,0,0,9,0,0,74.16,86.16
1999,KC,16,22,41,254,2,2,4,24,1,0,0,0,12,0,22,72,0,0,0,4,0,22,41,254,2,0,0,0,0,12,0,0,58.76,80.76
1999,KC,17,20,39,243,3,0,1,3,0,0,0,0,13,0,38,189,0,1,1,12,0,20,37,243,3,0,0,0,0,13,0,1,86.92,106.92
1999,LA,3,17,24,275,3,0,0,0,0,0,0,0,10,0,34,167,2,0,0,9,0,17,24,275,3,0,0,0,0,10,0,0,97.19999999999999,114.2
1999,LA,4,18,22,337,3,0,2,11,0,0,0,0,12,0,28,73,1,1,1,4,0,18,22,337,3,1,1,0,0,12,0,1,92.48,110.48
1999,LA,5,19,22,320,5,1,1,9,1,1,0,0,14,0,28,109,0,0,0,4,0,19,22,320,5,0,0,0,0,14,0,1,107.7,126.7
1999,LA,6,13,20,111,1,0,2,17,0,0,0,0,6,0,27,185,2,1,1,10,0,13,20,111,1,1,0,0,0,6,0,1,60.04,73.04
1999,LA,7,27,34,228,3,0,2,3,0,0,0,0,15,0,28,209,1,1,0,11,0,27,34,228,3,0,0,0,0,15,0,0,88.82,115.82
1999,LA,8,29,46,328,3,0,6,41,3,1,0,0,15,0,19,128,0,2,2,6,0,29,44,328,3,0,0,0,0,15,0,0,82.72,111.72
1999,LA,9,25,43,305,3,2,4,30,1,0,0,0,14,1,16,57,0,0,0,3,0,25,43,305,3,0,0,0,0,14,1,0,78.4,103.4
1999,LA,10,18,28,254,2,1,0,0,0,0,0,0,11,0,20,79,1,0,0,2,0,18,28,254,2,1,1,0,0,11,0,0,65.46,83.46
1999,LA,11,22,40,201,1,1,3,20,0,0,0,0,12,0,29,160,0,0,0,8,0,22,37,201,1,0,0,0,0,12,0,0,52.14,74.14
1999,LA,12,15,27,213,2,0,2,18,0,0,0,0,12,0,26,129,4,0,0,9,1,15,27,213,2,0,0,0,0,12,0,0,88.72,103.72
1999,LA,13,22,31,316,3,2,1,5,0,0,0,0,13,0,31,108,0,0,0,7,0,22,31,316,3,0,0,0,0,13,0,0,81.03999999999999,103.03999999999999
1999,LA,14,21,31,346,2,1,1,10,0,0,0,0,14,0,33,123,1,1,1,7,0,21,31,346,2,1,0,0,142,14,0,0,82.74,103.74
1999,LA,15,18,32,319,2,0,1,0,1,0,0,0,14,0,26,94,0,0,0,3,0,18,32,319,2,1,1,0,0,14,0,0,72.06,90.06
1999,LA,16,26,41,353,3,1,0,0,0,0,0,0,15,0,26,110,0,1,0,6,0,26,40,353,3,0,0,0,0,15,0,0,88.42,114.42
1999,LA,17,21,40,277,3,4,5,38,1,1,0,0,13,0,26,201,1,2,2,7,0,21,38,277,3,0,0,0,0,13,0,0,80.88,101.88
1999,LA,19,25,31,351,5,1,2,17,0,0,0,0,17,0,17,31,1,1,1,3,0,25,31,351,5,0,0,0,0,17,0,1,110.24,135.24
1999,LA,20,26,43,258,1,3,0,0,0,0,0,0,14,0,21,51,0,1,0,3,0,26,43,258,1,0,0,0,0,14,0,0,45.22,71.22
1999,LA,21,24,45,414,2,0,1,7,0,0,0,0,18,0,13,29,0,2,0,1,0,24,43,414,2,0,0,0,0,18,0,0,80.86,104.86
1999,LAC,2,18,30,201,2,0,4,26,1,0,0,0,10,1,35,91,0,1,0,4,0,18,29,201,2,0,0,0,0,10,1,0,61.24,79.24
1999,LAC,3,15,37,188,0,1,3,9,0,0,0,0,10,0,25,95,1,0,0,4,0,15,34,188,0,0,0,0,0,10,0,1,45.82,60.82
1999,LAC,4,14,29,110,2,2,2,18,0,0,0,0,6,0,16,36,1,0,0,2,0,14,27,110,2,0,0,0,0,6,0,0,41.0,55.0
1999,LAC,5,20,34,208,0,1,2,16,0,0,0,0,10,0,24,64,1,1,1,5,0,20,34,208,0,0,0,0,0,10,0,0,37.52,57.52
1999,LAC,6,26,44,277,0,4,2,15,0,0,0,0,13,0,21,49,1,1,0,3,0,26,42,277,0,0,0,0,0,13,0,0,41.68,67.67999999999999
1999,LAC,7,25,54,239,0,6,3,12,0,0,0,0,13,0,27,76,0,2,0,6,0,25,54,239,0,0,0,0,0,13,0,0,29.06,54.06
1999,LAC,8,19,35,174,0,2,5,42,1,1,0,0,8,0,20,72,0,1,1,2,0,19,30,174,0,0,0,0,0,8,0,0,23.56,42.559999999999995
1999,LAC,9,25,39,235,2,2,3,16,1,0,0,0,12,0,19,59,0,0,0,3,0,25,37,235,2,1,1,0,0,12,0,0,52.800000000000004,77.8
1999,LAC,10,17,31,183,1,0,2,12,0,0,0,0,9,0,16,33,0,0,0,0,0,17,30,183,1,0,0,0,0,9,0,0,38.92,55.92
1999,LAC,11,29,46,273,2,1,1,9,0,0,0,0,16,0,27,84,0,0,0,4,0,29,45,273,2,0,0,0,0,16,0,0,64.62,93.62
1999,LAC,12,24,38,363,1,1,1,8,0,0,0,0,12,0,20,62,2,2,2,6,0,24,38,363,1,0,0,0,0,12,0,0,73.02,97.02
1999,LAC,13,15,22,125,0,0,4,29,1,0,0,0,6,0,42,128,2,0,0,9,0,15,20,125,0,1,1,0,0,6,0,0,40.3,55.3
1999,LAC,14,20,35,229,0,1,1,7,0,0,0,0,11,0,39,107,1,0,0,9,0,20,34,229,0,0,0,0,0,11,0,0,46.76,66.76
1999,LAC,15,20,38,178,0,0,5,18,2,1,0,0,10,0,21,26,0,0,0,1,0,20,36,178,0,1,0,0,0,10,0,0,25.52,45.52
1999,LAC,16,23,36,325,2,1,4,32,3,0,0,0,13,0,19,51,0,1,0,1,0,23,36,325,2,0,0,0,0,13,0,0,68.6,91.6
1999,LAC,17,17,26,193,0,2,3,10,0,0,0,0,8,0,33,192,1,2,2,9,0,17,23,193,0,1,0,0,0,8,0,0,44.22,61.220000000000006
1999,LV,1,16,31,227,0,1,4,17,0,0,0,0,10,0,32,153,3,0,0,9,0,16,28,227,0,0,0,0,0,10,0,0,63.08,79.08
1999,LV,2,20,32,236,1,0,1,8,1,0,0,0,11,0,31,158,1,1,1,8,0,20,32,236,1,0,0,0,0,11,0,0,62.84,82.84
1999,LV,3,26,35,295,2,0,4,12,1,1,0,0,14,0,26,109,1,2,2,6,0,26,34,295,2,0,0,0,0,14,0,0,72.2,98.2
1999,LV,4,19,34,220,2,1,2,3,0,0,0,0,12,0,32,166,1,0,0,9,0,19,32,220,2,0,0,0,0,12,0,0,71.4,90.4
1999,LV,5,25,36,248,1,2,6,38,0,0,0,0,13,0,24,55,0,1,0,4,0,25,36,248,1,0,0,0,0,13,0,0,46.22,71.22
1999,LV,6,15,22,155,0,0,2,7,0,0,0,0,10,0,47,193,2,0,0,10,0,15,22,155,0,0,0,0,72,10,0,0,53.0,68.0
1999,LV,7,26,51,352,2,1,2,8,1,1,0,0,16,0,23,117,1,2,2,6,0,26,51,352,2,0,0,0,0,16,0,0,78.98,104.97999999999999
1999,LV,8,9,31,140,0,1,5,33,0,0,0,0,6,0,18,79,0,0,0,5,0,9,31,140,0,0,0,0,0,6,0,0,25.5,34.5
1999,LV,10,18,24,254,4,0,1,10,0,0,0,0,15,0,42,147,0,0,0,8,0,18,23,254,4,0,0,0,0,15,0,0,90.26,108.26
1999,LV,11,17,34,222,2,1,5,17,1,1,0,0,10,1,29,79,0,0,0,5,0,17,32,222,2,1,1,0,0,10,1,0,56.98,73.98
1999,LV,12,19,29,232,2,2,5,25,1,0,0,0,11,0,25,108,1,1,0,6,0,19,29,232,2,1,1,0,0,11,0,0,63.28,82.28
1999,LV,13,19,24,253,2,1,0,0,0,0,0,0,18,0,41,162,1,0,0,6,0,19,24,253,2,0,0,0,0,18,0,0,75.62,94.62
1999,LV,14,20,28,273,1,1,4,20,1,1,0,0,14,0,22,111,1,0,0,6,0,20,28,273,1,0,0,0,0,14,0,0,61.32,81.32
1999,LV,15,15,28,141,1,0,1,3,0,0,0,0,8,0,37,262,4,0,0,13,0,15,28,141,1,0,0,0,0,8,0,0,79.94,94.94
1999,LV,16,16,32,266,1,0,3,18,0,0,0,0,13,0,24,46,1,0,0,3,0,16,32,266,1,0,0,0,0,13,0,0,57.84,73.84
1999,LV,17,24,46,315,3,2,4,22,0,0,0,0,14,0,30,106,1,0,0,5,0,24,42,315,3,0,0,0,0,14,0,1,92.7,116.7
1999,MIA,1,13,20,182,2,0,0,0,0,0,0,0,12,0,33,111,2,0,0,7,0,13,19,182,2,0,0,0,0,12,0,0,68.58,81.58
1999,MIA,2,21,35,221,1,2,0,0,0,0,0,0,10,0,31,83,0,1,0,4,0,21,34,221,1,1,1,0,0,10,0,0,43.24,64.24000000000001
1999,MIA,4,22,44,251,1,2,2,18,2,1,0,0,11,0,24,59,0,0,0,5,0,22,42,251,1,1,0,0,0,11,0,0,45.04,67.03999999999999
1999,MIA,5,24,37,380,2,0,0,0,0,0,0,0,17,0,28,76,1,1,0,2,0,24,37,380,2,0,0,0,0,17,0,0,86.8,110.8
1999,MIA,6,25,45,248,2,2,9,53,0,0,0,0,12,0,32,122,0,0,0,9,0,25,42,248,2,0,0,0,0,12,0,0,62.92,87.92
1999,MIA,7,15,21,142,0,1,1,8,0,0,0,0,6,0,39,149,1,1,1,8,0,15,20,142,0,0,0,0,0,6,0,0,36.78,51.78
1999,MIA,8,16,32,221,0,0,5,37,0,0,0,0,9,0,42,141,1,0,0,10,0,16,31,221,0,0,0,0,0,9,0,0,51.04,67.04
1999,MIA,9,14,24,202,2,0,4,25,1,0,0,0,12,0,27,52,0,0,0,1,0,14,23,202,2,0,0,0,0,12,0,0,53.480000000000004,67.48
1999,MIA,10,9,25,65,0,1,3,24,0,0,0,0,3,0,19,60,0,0,0,2,0,9,25,65,0,0,0,0,0,3,0,0,13.1,22.099999999999998
1999,MIA,11,18,34,129,2,0,2,19,0,0,0,0,10,0,36,117,1,1,1,8,0,18,32,129,2,1,1,0,0,10,0,0,51.76,69.76
1999,MIA,12,18,40,217,0,5,2,16,0,0,0,0,10,0,20,69,0,0,0,2,0,18,39,217,0,0,0,0,0,10,0,0,27.28,45.28
1999,MIA,13,23,37,294,3,1,2,14,1,1,0,0,15,0,21,65,0,1,1,3,0,23,35,294,3,0,0,0,0,15,0,0,71.66,94.66
1999,MIA,14,25,45,263,1,2,2,17,0,0,0,0,15,0,19,73,1,0,0,5,0,25,45,263,1,0,0,0,0,15,0,0,56.12,81.12
1999,MIA,15,22,36,241,0,0,2,10,1,1,0,0,10,0,23,53,0,0,0,1,0,22,34,241,0,1,1,0,0,10,0,0,35.04,57.040000000000006
1999,MIA,16,29,52,322,3,3,0,0,0,0,0,0,18,0,24,100,1,1,0,6,0,29,52,322,3,0,0,0,0,18,0,0,85.08,114.08
1999,MIA,17,29,52,280,1,2,3,10,1,1,0,0,16,0,26,119,0,0,0,8,0,29,49,280,1,1,1,0,0,16,0,0,53.1,82.1
1999,MIA,18,17,30,196,1,0,1,5,0,0,0,0,10,0,36,112,1,0,0,7,0,17,29,196,1,0,0,0,0,10,0,0,54.64,71.64
1999,MIA,19,16,41,141,1,2,5,31,2,1,0,0,6,0,18,21,0,3,3,0,0,16,38,141,1,1,1,0,0,6,0,0,17.84,33.84
1999,MIN,1,22,32,184,1,0,0,0,0,0,0,0,9,0,31,111,1,0,0,6,0,22,32,184,1,0,0,0,0,9,0,0,52.86,74.86
1999,MIN,2,22,37,346,2,2,6,44,0,0,0,0,14,0,15,34,0,1,1,2,0,22,35,346,2,1,0,0,0,14,0,0,65.84,87.84
1999,MIN,3,18,32,244,1,2,2,13,0,0,0,0,10,0,28,101,1,0,0,8,0,18,30,244,1,0,0,0,0,10,0,0,56.26,74.26
1999,MIN,4,25,34,275,3,1,0,0,0,0,0,0,15,0,23,68,0,0,0,2,0,25,34,275,3,0,0,0,0,15,0,0,73.3,98.3
1999,MIN,5,25,46,309,1,3,4,30,0,0,0,0,17,0,20,166,0,0,0,7,0,25,44,309,1,2,2,0,2,17,0,0,59.86,84.86
1999,MIN,6,20,27,292,2,2,5,25,2,2,0,0,12,0,19,60,1,1,1,5,0,20,26,292,2,0,0,0,0,12,0,0,62.879999999999995,82.88
1999,MIN,7,15,27,250,3,1,1,10,0,0,0,0,10,0,31,155,2,2,1,9,0,15,27,250,3,0,0,0,0,10,0,0,88.5,103.5
1999,MIN,8,16,26,211,2,0,2,13,1,0,0,0,9,0,24,97,0,0,0,3,0,16,26,211,2,0,0,0,0,9,0,0,59.24,75.24000000000001
1999,MIN,9,16,28,179,3,1,4,28,0,0,0,0,8,0,32,118,0,0,0,7,0,16,27,179,3,0,0,0,0,8,0,0,64.86,80.86
1999,MIN,10,24,43,373,2,1,3,25,2,2,0,0,14,0,28,110,0,0,0,5,0,24,43,373,2,0,0,0,155,14,0,0,77.22,101.22
1999,MIN,12,28,42,363,4,2,1,7,0,0,0,0,18,0,29,129,1,0,0,9,0,28,41,363,4,0,0,0,0,18,0,0,105.72,133.72
1999,MIN,13,26,45,271,1,2,4,25,0,0,0,0,15,0,24,93,1,1,1,3,0,26,43,271,1,0,0,0,0,15,0,0,57.239999999999995,83.24
1999,MIN,14,13,21,190,2,0,3,34,1,1,0,0,9,0,34,170,0,1,1,9,0,13,21,190,2,1,1,0,0,9,0,2,69.6,82.6
1999,MIN,15,16,29,258,2,0,1,29,1,0,0,0,9,0,26,76,1,0,0,5,0,16,29,258,2,0,0,0,0,9,0,0,69.72,85.72
1999,MIN,16,11,22,212,1,2,1,8,0,0,0,0,9,0,25,174,3,0,0,8,0,11,20,212,1,0,0,0,0,9,0,1,77.08,88.08
1999,MIN,17,14,23,275,1,2,5,33,1,0,0,0,10,0,30,137,2,1,1,8,0,14,22,275,1,0,0,0,0,10,0,0,68.2,82.2
1999,MIN,18,12,25,212,3,0,3,13,0,0,0,0,9,0,38,175,0,0,0,9,0,12,24,212,3,0,0,0,0,9,0,0,77.18,89.18
1999,MIN,19,29,50,423,4,1,4,35,0,0,0,0,20,0,28,84,1,1,1,6,1,29,49,423,4,0,0,0,0,20,0,0,111.62,140.62
1999,NE,1,21,30,340,1,1,2,14,1,1,0,0,13,0,27,70,1,0,0,3,0,21,30,340,1,0,0,0,0,13,0,0,66.60000000000001,87.60000000000001
1999,NE,2,26,44,287,4,0,1,7,0,0,0,0,16,0,25,106,0,1,1,6,0,26,44,287,4,0,0,0,0,16,0,0,88.78,114.78
1999,NE,3,20,28,233,0,0,1,10,0,0,0,0,11,0,29,67,1,0,0,6,0,20,27,233,0,0,0,0,0,11,0,0,45.32,65.32
1999,NE,4,28,42,389,1,0,4,32,0,0,0,0,17,0,35,90,1,0,0,5,0,28,40,389,1,2,2,0,0,17,0,0,75.46000000000001,103.46000000000001
1999,NE,5,23,45,334,2,2,3,18,1,0,0,0,14,0,19,62,0,2,1,3,0,23,42,334,2,0,0,0,0,14,0,0,66.96,89.96000000000001
1999,NE,6,17,36,225,1,1,2,12,0,0,0,0,10,0,14,46,0,0,0,1,0,17,36,225,1,1,1,0,0,10,0,0,42.099999999999994,59.1
1999,NE,7,13,22,214,0,0,4,22,0,0,0,0,9,0,27,130,3,0,0,6,0,13,21,214,0,0,0,0,0,9,0,0,60.96,73.96000000000001
1999,NE,8,14,22,276,4,0,5,32,0,0,0,0,10,0,43,142,0,1,0,7,0,14,21,276,4,1,0,0,0,10,0,0,92.84,106.84
1999,NE,10,15,36,170,2,3,3,20,0,0,0,0,9,0,19,75,0,0,0,3,0,15,35,170,2,0,0,0,0,9,0,0,45.3,60.300000000000004
1999,NE,11,15,33,201,1,5,5,33,0,0,0,0,9,0,19,102,1,1,0,4,0,15,31,201,1,0,0,0,0,9,0,0,44.34,59.34
1999,NE,12,18,33,205,1,1,6,31,1,0,0,0,11,0,25,93,0,1,1,4,0,18,30,205,1,0,0,0,0,11,0,0,44.0,62.0
1999,NE,13,14,25,176,0,2,1,0,0,0,0,0,9,0,36,108,1,0,0,7,0,14,25,176,0,0,0,0,0,9,0,0,37.44,51.44
1999,NE,14,31,44,379,1,1,5,35,1,0,0,0,19,0,20,57,0,1,0,3,0,31,44,379,1,0,0,0,0,19,0,0,66.76,97.76
1999,NE,15,23,48,331,0,4,6,43,2,1,0,0,14,0,27,62,0,2,1,3,0,23,44,331,0,0,0,0,0,14,0,0,40.54,63.54
1999,NE,16,10,20,101,0,0,6,34,0,0,0,0,5,0,34,158,1,1,1,8,0,10,20,101,0,0,0,0,0,5,0,0,33.940000000000005,43.940000000000005
1999,NE,17,15,26,108,1,1,2,6,0,0,0,0,7,0,22,49,0,0,0,3,0,15,26,108,1,0,0,0,0,7,0,0,28.02,43.019999999999996
1999,NO,1,10,21,127,1,0,4,24,0,0,0,0,5,0,41,147,0,0,0,7,0,10,20,127,1,0,0,0,0,5,0,1,48.48,58.48
1999,NO,2,20,36,223,3,1,0,0,0,0,0,0,12,0,30,101,0,2,1,5,0,20,36,223,3,0,0,0,0,12,0,0,67.32000000000001,87.32000000000001
1999,NO,4,15,28,178,0,0,4,46,1,0,0,0,8,0,35,137,1,2,1,7,0,15,28,178,0,0,0,0,0,8,0,0,42.620000000000005,57.620000000000005
1999,NO,5,22,39,338,2,1,3,19,0,0,0,0,12,0,23,67,0,3,0,3,0,22,38,338,2,0,0,0,0,12,0,0,72.02,94.02
1999,NO,6,27,43,341,2,1,0,0,0,0,0,0,16,1,20,55,0,1,1,4,0,27,42,341,2,2,0,0,75,16,1,0,73.24000000000001,100.24
1999,NO,7,14,35,176,0,3,2,13,0,0,0,0,8,0,26,105,0,0,0,4,0,14,32,176,0,0,0,0,0,8,0,0,29.14,43.14
1999,NO,8,13,29,120,1,2,0,0,0,0,0,0,6,0,50,231,0,3,3,16,0,13,28,120,1,0,0,0,0,6,0,0,39.9,52.9
1999,NO,9,18,37,211,1,2,1,6,0,0,0,0,12,0,23,98,0,0,0,9,0,18,35,211,1,0,0,0,0,12,0,0,45.34,63.34
1999,NO,10,12,15,242,1,0,2,20,0,0,0,0,10,0,36,131,2,0,0,7,0,12,15,242,1,0,0,0,0,10,0,0,68.98,80.98
1999,NO,11,18,27,251,0,1,2,18,0,0,0,0,12,0,29,106,3,2,0,8,0,18,27,251,0,0,0,0,0,12,0,0,61.74,79.74000000000001
1999,NO,12,25,47,273,0,2,2,10,0,0,0,0,11,0,28,102,0,0,0,7,0,25,46,273,0,0,0,0,0,11,0,0,44.42,69.42
1999,NO,13,15,35,135,0,2,7,48,0,0,0,0,7,0,26,149,1,0,0,7,0,15,35,135,0,0,0,0,0,7,0,0,35.8,50.8
1999,NO,14,12,26,188,1,2,6,44,0,0,0,0,9,1,18,66,0,0,0,2,0,12,26,188,1,0,0,0,67,9,1,0,42.92,54.92
1999,NO,15,20,47,246,1,4,2,15,0,0,0,0,7,1,16,11,0,1,0,0,0,20,46,246,1,0,0,0,0,7,1,0,41.54,61.54
1999,NO,16,16,28,278,2,1,2,21,1,1,0,0,11,0,28,56,1,0,0,4,0,16,27,278,2,0,0,0,0,11,0,0,66.52,82.52
1999,NO,17,26,49,243,1,4,3,13,0,0,0,0,13,0,24,102,1,0,0,6,0,26,47,243,1,0,0,0,0,13,0,0,52.22,78.22
1999,NYG,1,12,24,91,0,0,2,12,0,0,0,0,3,0,24,27,0,0,0,1,0,12,23,91,0,0,0,0,0,3,0,0,15.440000000000001,27.439999999999998
1999,NYG,2,23,37,312,1,1,2,22,1,0,0,0,14,0,17,83,2,1,1,4,0,23,37,312,1,0,0,0,0,14,0,0,69.98,92.98
1999,NYG,3,23,36,216,2,0,0,0,0,0,0,0,13,0,26,57,0,0,0,4,0,23,36,216,2,0,0,0,0,13,0,0,55.940000000000005,78.94
1999,NYG,4,21,40,257,1,3,2,24,2,1,0,0,11,0,35,107,0,2,0,8,0,21,39,257,1,1,1,0,0,11,0,0,46.68,67.67999999999999
1999,NYG,5,24,38,202,0,1,3,24,0,0,0,0,10,0,28,107,0,1,1,5,0,24,37,202,0,0,0,0,0,10,0,0,34.98,58.980000000000004
1999,NYG,6,15,21,183,0,0,5,30,0,0,0,0,7,0,29,71,0,1,0,4,0,15,21,183,0,0,0,0,0,7,0,1,38.72,53.72
1999,NYG,7,19,29,239,2,1,4,24,1,0,0,0,12,0,36,106,2,1,1,6,0,19,27,239,2,0,0,0,0,12,0,0,72.06,91.06
1999,NYG,8,26,41,240,1,0,5,33,0,0,0,0,11,0,23,86,1,0,0,7,0,26,40,240,1,0,0,0,0,11,0,0,58.199999999999996,84.2
1999,NYG,10,27,50,253,2,2,3,16,0,0,0,0,15,0,24,147,0,1,1,9,0,27,49,253,2,1,1,0,0,15,0,0,62.12,89.12
1999,NYG,11,16,30,257,0,2,4,28,1,1,0,0,13,0,24,72,1,2,1,5,0,16,30,257,0,0,0,0,0,13,0,0,41.18,57.18
1999,NYG,12,22,45,298,1,3,2,16,2,1,0,0,14,0,19,51,2,0,0,5,0,22,43,298,1,0,0,0,0,14,0,0,60.82,82.82
1999,NYG,13,17,29,341,3,0,1,3,0,0,0,0,15,0,45,152,2,1,1,9,0,17,29,341,3,1,0,0,0,15,0,0,102.94,119.94
1999,NYG,14,23,44,240,1,1,0,0,0,0,0,0,12,0,28,94,0,1,1,6,0,23,42,240,1,0,0,0,0,12,0,0,49.0,72.0
1999,NYG,15,21,37,273,1,2,2,12,0,0,0,0,15,0,19,67,0,0,0,3,0,21,37,273,1,0,0,0,0,15,0,0,50.92,71.92
1999,NYG,16,31,50,297,1,1,5,29,1,0,0,0,18,0,27,76,0,1,0,5,1,31,50,297,1,0,0,0,0,18,0,0,59.18,90.17999999999999
1999,NYG,17,30,47,316,1,1,1,8,0,0,0,0,14,0,18,72,1,1,0,4,1,30,45,316,1,0,0,0,0,14,0,0,67.44,97.44
1999,NYJ,1,20,36,289,3,3,4,32,1,1,0,0,12,0,24,106,0,1,0,6,0,20,33,289,3,0,0,0,0,12,0,0,73.06,93.05999999999999
1999,NYJ,2,13,28,121,0,0,2,5,0,0,0,0,6,0,17,75,0,0,0,4,0,13,27,121,0,0,0,0,0,6,0,0,24.44,37.44
1999,NYJ,3,17,31,227,1,1,6,32,1,1,0,0,10,0,31,142,1,0,0,9,0,17,30,227,1,0,0,0,0,10,0,0,57.980000000000004,74.98
1999,NYJ,4,16,27,238,2,2,4,18,0,0,0,0,10,0,35,110,1,0,0,8,0,16,25,238,2,0,0,0,0,10,0,0,66.32000000000001,82.32
1999,NYJ,5,18,37,156,0,2,4,23,0,0,0,0,7,0,24,89,0,0,0,6,0,18,34,156,0,0,0,0,0,7,0,0,26.740000000000002,44.74
1999,NYJ,6,16,29,137,1,1,1,12,0,0,0,0,7,0,29,156,0,1,1,9,0,16,29,137,1,0,0,0,0,7,0,0,40.78,56.78
1999,NYJ,7,13,22,158,1,2,2,11,0,0,0,0,8,0,33,173,1,1,0,6,0,13,21,158,1,0,0,0,0,8,0,0,51.42,64.42
1999,NYJ,9,11,17,114,1,0,3,11,0,0,0,0,4,0,46,184,0,1,0,9,0,11,17,114,1,1,0,0,0,4,0,0,44.36,55.36
1999,NYJ,10,18,31,153,2,2,0,0,0,0,0,0,8,0,42,181,1,3,0,10,0,18,30,153,2,0,0,0,0,8,0,0,61.519999999999996,79.52
1999,NYJ,11,16,21,142,0,0,4,29,0,0,0,0,8,0,35,95,1,1,0,5,0,16,21,142,0,0,0,0,0,8,0,0,35.38,51.38
1999,NYJ,12,12,23,102,0,0,2,14,0,0,0,0,5,0,26,126,0,0,0,8,0,12,23,102,0,0,0,0,0,5,0,0,26.88,38.879999999999995
1999,NYJ,13,30,47,275,4,0,2,8,1,0,0,0,14,0,12,15,0,1,0,2,0,30,46,275,4,0,0,0,0,14,0,0,80.0,110.0
1999,NYJ,14,22,37,230,2,0,1,5,0,0,0,0,10,0,28,95,0,0,0,8,0,22,37,230,2,0,0,0,0,10,0,0,61.699999999999996,83.7
1999,NYJ,15,20,35,229,2,1,0,0,0,0,0,0,12,0,35,126,0,1,1,6,0,20,35,229,2,0,0,0,0,12,0,0,60.660000000000004,80.66
1999,NYJ,16,11,23,190,3,0,1,1,0,0,0,0,7,0,25,101,1,0,0,8,0,11,23,190,3,0,0,0,0,7,0,0,72.7,83.7
1999,NYJ,17,15,25,211,0,2,1,9,0,0,0,0,11,0,41,177,1,0,0,7,0,15,25,211,0,0,0,0,0,11,0,0,49.24,64.24000000000001
1999,PHI,1,12,26,91,2,2,4,24,2,1,0,0,6,0,25,136,1,1,1,4,0,12,26,91,2,0,0,0,0,6,0,0,44.34,56.34
1999,PHI,2,16,30,126,0,1,9,60,1,0,0,0,6,0,20,84,0,0,0,3,0,16,28,126,0,1,0,0,0,6,0,0,24.04,40.04
1999,PHI,3,20,37,171,0,0,2,24,2,2,0,0,9,0,12,22,0,0,0,1,0,20,37,171,0,0,0,0,0,9,0,0,22.14,42.14
1999,PHI,4,8,21,99,0,2,5,23,0,0,0,0,6,0,26,84,0,1,1,3,0,8,20,99,0,0,0,0,0,6,0,0,16.26,24.26
1999,PHI,5,10,29,126,1,1,2,6,0,0,0,0,4,0,26,89,0,0,0,5,0,10,26,126,1,0,0,0,0,4,0,0,34.54,44.54
1999,PHI,6,22,39,228,2,0,1,11,1,1,0,0,13,0,26,99,0,1,1,3,0,22,38,228,2,1,0,0,113,13,0,0,57.82,79.82000000000001
1999,PHI,7,13,25,108,0,1,4,19,1,1,0,0,6,0,22,93,0,0,0,5,0,13,23,108,0,0,0,0,0,6,0,0,20.42,33.42
1999,PHI,8,19,30,256,1,2,3,8,0,0,0,0,10,0,31,112,1,2,1,5,0,19,29,256,1,0,0,0,0,10,0,0,57.04,76.03999999999999
1999,PHI,9,11,29,96,0,1,3,15,1,1,0,0,6,0,23,168,1,1,1,8,0,11,29,96,0,0,0,0,0,6,0,0,30.240000000000002,41.24
1999,PHI,10,8,20,60,0,0,3,22,0,0,0,0,5,1,41,197,2,0,0,9,1,8,20,60,0,0,0,0,0,5,1,1,52.1,60.099999999999994
1999,PHI,11,19,35,165,1,1,4,47,2,2,0,0,9,0,20,94,0,1,1,3,0,19,35,165,1,0,0,0,0,9,0,0,34.5,53.5
1999,PHI,12,16,28,172,2,0,2,16,0,0,0,0,9,0,27,140,0,0,0,6,0,16,27,172,2,0,0,0,0,9,0,0,58.08,74.08
1999,PHI,13,19,31,157,2,1,1,9,1,1,0,0,9,0,37,146,0,0,0,9,0,19,31,157,2,0,0,0,0,9,0,0,52.58,71.58
1999,PHI,14,15,29,157,1,1,3,14,1,0,0,0,8,0,24,95,0,2,2,6,0,15,27,157,1,0,0,0,0,8,0,0,35.48,50.480000000000004
1999,PHI,15,10,28,181,3,2,0,0,0,0,0,0,7,0,37,114,0,1,0,3,0,10,26,181,3,0,0,0,0,7,0,0,62.74,72.74
1999,PHI,17,15,32,179,3,2,3,23,0,0,0,0,9,0,23,51,0,0,0,1,0,15,31,179,3,0,0,0,0,9,0,0,56.16,71.16
1999,PIT,1,23,31,217,3,0,1,12,0,0,0,0,15,0,54,217,2,0,0,14,0,23,31,217,3,0,0,0,0,15,0,0,94.08,117.08
1999,PIT,2,18,27,138,0,0,3,17,0,0,0,0,7,0,36,149,2,1,0,9,0,18,27,138,0,0,0,0,0,7,0,0,46.22,64.22
1999,PIT,3,20,40,202,1,5,2,13,1,0,0,0,11,0,19,65,0,0,0,2,0,20,39,202,1,0,0,0,0,11,0,0,34.78,54.78
1999,PIT,4,15,32,126,0,1,4,27,2,0,0,0,8,0,31,117,0,1,1,5,0,15,32,126,0,1,0,0,0,8,0,0,25.34,40.339999999999996
1999,PIT,5,21,28,216,2,1,2,9,0,0,0,0,11,0,23,48,1,0,0,2,0,21,28,216,2,0,0,0,110,11,0,0,59.04,80.04
1999,PIT,6,17,29,134,0,0,2,9,0,0,0,0,7,0,37,130,2,0,0,10,0,17,28,134,0,0,0,0,0,7,0,0,43.76,60.76
1999,PIT,7,13,21,127,1,0,1,12,0,0,0,0,8,0,35,111,0,1,1,5,0,13,21,127,1,0,0,0,0,8,0,0,36.88,49.879999999999995
1999,PIT,9,15,26,139,1,0,1,9,0,0,0,0,7,0,31,141,2,0,0,6,0,15,26,139,1,0,0,0,0,7,0,0,55.56,70.56
1999,PIT,10,15,32,137,0,2,1,7,0,0,0,0,9,0,36,165,1,0,0,8,0,15,32,137,0,0,0,0,0,9,0,0,37.68,52.68
1999,PIT,11,18,29,177,1,1,5,16,0,0,0,0,7,0,19,99,0,0,0,5,0,18,28,177,1,0,0,0,0,7,0,0,42.68,60.68
1999,PIT,12,24,46,300,2,2,2,20,0,0,0,0,14,0,30,107,0,1,1,5,0,24,45,300,2,0,0,0,0,14,0,0,66.7,90.69999999999999
1999,PIT,13,19,38,194,0,0,3,22,0,0,0,0,10,0,15,63,0,1,0,3,0,19,37,194,0,0,0,0,0,10,0,0,33.46,52.46
1999,PIT,14,24,43,270,3,0,5,27,1,0,0,0,13,0,22,109,0,0,0,6,0,24,43,270,3,1,0,0,0,13,0,0,78.7,102.7
1999,PIT,15,23,46,278,2,4,2,9,0,0,0,0,12,0,27,108,0,0,0,7,0,23,42,278,2,1,0,0,0,12,0,0,61.72,84.72
1999,PIT,16,13,23,94,1,1,1,12,0,0,0,0,5,0,44,211,2,0,0,16,0,13,23,94,1,0,0,0,0,5,0,0,54.26,67.25999999999999
1999,PIT,17,20,38,298,2,1,2,14,1,1,0,0,12,1,29,138,2,3,2,7,0,20,38,298,2,0,0,0,0,12,1,0,83.52,103.52
1999,SEA,1,19,29,199,2,0,6,28,0,0,0,0,10,0,16,31,0,0,0,1,0,19,28,199,2,2,1,0,0,10,0,0,48.96,67.96
1999,SEA,2,18,30,283,2,0,6,34,0,0,0,0,13,0,27,93,0,2,2,4,0,18,30,283,2,1,1,0,0,13,0,0,62.919999999999995,80.92
1999,SEA,3,18,29,265,0,0,1,14,1,1,0,0,12,0,34,90,0,2,1,3,0,18,29,265,0,0,0,0,0,12,0,1,48.1,66.1
1999,SEA,4,13,28,198,2,1,2,12,1,0,0,0,8,0,26,75,0,1,0,3,0,13,28,198,2,0,0,0,0,8,0,0,53.22,66.22
1999,SEA,6,17,29,151,1,1,3,11,0,0,0,0,9,0,27,61,0,1,0,3,0,17,27,151,1,0,0,0,0,9,0,0,35.239999999999995,52.239999999999995
1999,SEA,7,17,30,276,2,0,1,1,0,0,0,0,11,0,32,110,0,0,0,5,0,17,30,276,2,0,0,0,0,11,0,0,69.64,86.64
1999,SEA,8,12,19,109,2,0,2,19,1,0,0,0,7,0,36,132,0,1,1,4,0,12,19,109,2,1,0,0,0,7,0,0,46.46,58.46
1999,SEA,9,14,24,202,3,2,2,15,0,0,0,0,11,0,36,168,1,1,0,12,0,14,24,202,3,0,0,0,0,11,0,0,77.08,91.08
1999,SEA,10,16,30,235,2,1,1,5,0,0,0,0,11,0,21,41,0,1,0,3,0,16,30,235,2,0,0,0,0,11,0,0,55.0,71.0
1999,SEA,11,14,33,235,2,1,0,0,0,0,0,0,11,0,31,130,2,2,1,7,0,14,30,235,2,0,0,0,0,11,0,0,73.9,87.9
1999,SEA,12,19,43,197,0,5,3,27,2,1,0,0,8,0,22,89,0,0,0,7,0,19,34,197,0,0,0,0,0,8,0,0,24.48,43.48
1999,SEA,13,22,38,245,2,2,1,11,0,0,0,0,15,0,19,90,1,1,1,4,0,22,38,245,2,1,1,0,0,15,0,0,61.3,83.3
1999,SEA,14,25,40,285,1,1,3,14,0,0,0,0,16,0,21,76,0,1,1,3,0,25,38,285,1,0,0,0,0,16,0,0,53.5,78.5
1999,SEA,15,22,42,278,2,0,2,21,2,2,0,0,12,0,17,114,1,0,0,4,0,22,41,278,2,0,0,0,0,12,0,0,72.32,94.32
1999,SEA,16,18,29,216,2,0,3,9,0,0,0,0,12,0,28,60,0,0,0,1,0,18,29,216,2,0,0,0,0,12,0,0,56.239999999999995,74.24
1999,SEA,17,21,44,237,0,2,1,4,0,0,0,0,13,0,12,33,0,0,0,1,0,21,43,237,0,0,0,0,0,13,0,0,32.480000000000004,53.480000000000004
1999,SEA,18,13,29,148,1,2,6,32,0,0,0,0,9,0,20,41,0,0,0,0,0,13,28,148,1,0,0,0,0,9,0,1,36.82,49.82
1999,SF,1,14,34,141,0,3,4,32,1,1,0,0,6,0,20,94,0,1,0,3,0,14,33,141,0,0,0,0,0,6,0,0,21.14,35.14
1999,SF,2,23,35,258,2,1,5,35,0,0,0,0,9,0,23,88,1,0,0,8,0,23,35,258,2,0,0,0,0,9,0,0,68.92,91.92
1999,SF,3,18,29,122,1,1,1,10,0,0,0,0,7,0,35,203,2,0,0,9,0,18,28,122,1,1,0,0,0,7,0,0,57.379999999999995,75.38
1999,SF,4,21,33,243,2,0,1,0,0,0,0,0,13,0,26,86,1,0,0,4,0,21,33,243,2,0,0,0,0,13,0,0,68.62,89.62
1999,SF,5,22,36,233,0,3,0,0,0,0,0,0,13,0,21,72,1,0,0,3,0,22,36,233,0,0,0,0,0,13,0,0,39.82,61.82
1999,SF,6,22,45,236,1,0,3,27,1,1,0,0,15,0,24,124,0,1,0,5,0,22,44,236,1,1,1,0,103,15,0,0,51.44,73.44
1999,SF,7,18,35,201,0,2,3,23,1,0,0,0,8,0,19,73,0,0,0,5,0,18,35,201,0,1,0,0,0,8,0,0,31.44,49.44
1999,SF,9,12,32,93,0,0,1,3,0,0,0,0,4,0,32,211,0,1,1,10,0,12,32,93,0,0,0,0,0,4,0,0,32.12,44.12
1999,SF,10,18,32,157,0,1,2,17,1,0,0,0,7,0,19,94,0,0,0,7,0,18,31,157,0,0,0,0,0,7,0,0,29.38,47.38
1999,SF,11,15,27,197,0,3,7,52,2,1,0,0,7,0,25,106,1,2,0,6,0,15,27,197,0,1,1,0,0,7,0,0,34.18,49.18
1999,SF,12,19,35,195,0,1,2,10,1,0,0,0,8,0,22,127,0,1,1,5,0,19,35,195,0,0,0,0,0,8,0,0,36.0,55.00000000000001
1999,SF,13,32,47,430,3,1,0,0,0,0,0,0,24,0,23,105,1,1,1,5,0,32,44,430,3,1,0,0,0,24,0,0,102.7,134.70000000000002
1999,SF,14,17,25,169,0,0,2,16,0,0,0,0,9,0,44,181,3,0,0,12,0,17,25,169,0,0,0,0,0,9,0,0,59.76,76.75999999999999
1999,SF,15,29,46,303,2,1,2,6,0,0,0,0,14,0,18,100,1,1,0,4,0,29,43,303,2,0,0,0,0,14,0,0,76.42,105.42
1999,SF,16,16,29,165,1,1,0,0,0,0,0,0,11,0,37,250,1,1,1,10,0,16,29,165,1,0,0,0,0,11,0,0,60.099999999999994,76.1
1999,SF,17,25,32,355,2,0,1,10,1,1,0,0,16,1,24,143,2,0,0,5,0,25,32,355,2,0,0,0,0,16,1,0,98.0,123.0
1999,TB,1,18,42,188,1,4,2,11,1,1,0,0,11,0,27,77,0,0,0,4,0,18,39,188,1,1,0,0,0,11,0,0,34.019999999999996,52.02
1999,TB,2,7,14,89,2,2,2,25,0,0,0,0,5,0,44,156,0,0,0,9,0,7,14,89,2,0,0,0,0,5,0,0,44.06,51.06
1999,TB,3,14,18,126,0,0,7,57,0,0,0,0,8,0,42,165,1,1,1,7,0,14,18,126,0,0,0,0,0,8,0,0,38.14,52.14
1999,TB,4,25,39,301,2,1,3,15,1,1,0,0,16,0,23,83,0,0,0,4,0,25,38,301,2,0,0,0,0,16,0,0,66.44,91.44
1999,TB,5,16,25,110,1,2,2,10,1,1,0,0,8,0,32,173,1,0,0,11,0,16,24,110,1,0,0,0,0,8,0,0,42.7,58.7
1999,TB,7,16,27,121,0,0,2,20,1,0,0,0,4,0,28,124,0,0,0,7,0,16,27,121,0,0,0,0,0,4,0,0,29.34,45.34
1999,TB,8,29,43,256,0,0,5,36,1,1,0,0,12,0,22,72,0,1,1,4,0,29,43,256,0,0,0,0,0,12,0,0,39.04,68.04
1999,TB,9,15,20,227,3,0,1,2,1,1,0,0,10,0,40,156,1,1,1,8,0,15,20,227,3,0,0,0,1,10,0,0,79.38,94.38
1999,TB,10,17,27,270,2,1,0,0,0,0,0,0,10,0,35,107,0,4,4,3,0,17,26,270,2,0,0,0,0,10,0,0,58.5,75.5
1999,TB,11,15,31,142,0,1,3,22,0,0,0,0,4,0,27,119,0,0,0,8,0,15,31,142,0,0,0,0,0,4,0,0,29.78,44.78
1999,TB,12,8,18,82,1,0,5,31,0,0,0,0,4,0,36,105,0,1,0,5,0,8,18,82,1,0,0,0,0,4,0,0,31.98,39.980000000000004
1999,TB,13,11,19,93,2,1,2,6,1,1,0,0,5,0,27,103,0,0,0,6,0,11,19,93,2,0,0,0,0,5,0,0,39.32,50.32
1999,TB,14,22,36,229,2,1,3,26,1,1,0,0,10,0,18,39,1,0,0,4,0,22,33,229,2,0,0,0,0,10,0,0,57.96,79.96
1999,TB,15,17,29,142,0,1,4,39,1,1,0,0,5,0,19,34,0,1,1,3,0,17,28,142,0,0,0,0,0,5,0,0,17.28,34.28
1999,TB,16,18,31,150,1,1,0,0,0,0,0,0,9,0,37,124,2,0,0,8,0,18,31,150,1,0,0,0,0,9,0,0,53.4,71.4
1999,TB,17,18,24,178,1,0,1,3,1,0,0,0,10,0,40,143,1,0,0,6,0,18,24,178,1,0,0,0,0,10,0,0,55.22,73.22
1999,TB,19,15,32,157,1,1,2,10,1,0,0,0,7,0,27,44,1,0,0,3,0,15,31,157,1,0,0,0,0,7,0,0,40.38,55.38
1999,TB,20,12,28,131,0,2,5,41,2,0,0,0,6,0,23,77,0,0,0,4,0,12,25,131,0,0,0,0,0,6,0,0,22.04,34.04
1999,TEN,1,21,32,341,3,1,2,7,1,1,0,0,14,0,18,69,1,2,1,6,0,21,32,341,3,1,1,0,0,14,0,0,82.64,103.64
1999,TEN,2,30,39,306,1,0,0,0,0,0,0,0,15,0,34,102,2,1,0,9,0,30,39,306,1,0,0,0,0,15,0,0,75.04,105.03999999999999
1999,TEN,3,17,32,204,2,1,2,13,0,0,0,0,12,0,26,51,0,2,1,2,0,17,32,204,2,0,0,0,0,12,0,0,49.660000000000004,66.66
1999,TEN,4,20,39,355,2,0,3,18,0,0,0,0,12,0,21,55,0,0,0,3,0,20,39,355,2,0,0,0,22,12,0,0,75.2,95.2
1999,TEN,5,23,34,212,1,0,0,0,0,0,0,0,9,0,24,56,1,0,0,5,0,23,34,212,1,0,0,0,0,9,0,0,51.28,74.28
1999,TEN,6,12,25,124,2,2,1,11,1,1,0,0,8,0,35,165,0,0,0,7,0,12,25,124,2,0,0,0,32,8,0,0,47.86,59.86
1999,TEN,8,13,29,186,2,0,1,8,0,0,0,0,9,0,31,103,1,1,0,7,0,13,29,186,2,0,0,0,0,9,0,0,62.34,75.34
1999,TEN,9,22,42,205,0,3,4,15,0,0,0,0,9,0,23,103,0,0,0,5,0,22,39,205,0,0,0,0,0,9,0,0,33.0,55.0
1999,TEN,10,12,25,103,0,0,1,5,0,0,0,0,6,0,36,147,3,1,1,9,0,12,25,103,0,0,0,0,0,6,0,0,45.12,57.12
1999,TEN,11,14,26,149,0,1,0,0,0,0,0,0,6,0,32,112,2,0,0,9,0,14,25,149,0,0,0,0,0,6,0,0,42.06,56.06
1999,TEN,12,18,36,179,0,0,0,0,0,0,0,0,11,0,33,158,3,1,1,10,0,18,36,179,0,0,0,0,0,11,0,1,62.86,80.86
1999,TEN,13,29,51,288,0,2,5,27,0,0,0,0,12,1,13,51,1,0,0,5,0,29,48,288,0,0,0,0,0,12,1,0,51.42,80.42
1999,TEN,14,12,20,114,0,1,2,11,0,0,0,0,5,0,33,204,3,0,0,11,0,12,19,114,0,0,0,0,0,5,0,0,52.36,64.36
1999,TEN,15,16,30,277,2,0,2,9,1,0,0,0,9,0,28,131,1,0,0,5,0,16,30,277,2,0,0,0,0,9,0,0,77.88,93.88
1999,TEN,16,26,39,328,5,0,0,0,0,0,0,0,15,0,35,133,0,0,0,8,0,26,38,328,5,0,0,0,0,15,0,0,109.22,135.22
1999,TEN,17,15,23,216,3,1,2,13,1,1,0,0,12,0,32,135,1,1,0,7,0,15,22,216,3,1,1,0,0,12,0,0,73.74,88.74000000000001
1999,TEN,18,13,24,76,0,1,3,21,0,0,0,0,5,0,39,139,1,1,1,8,0,13,22,76,0,0,0,0,0,5,0,1,32.54,45.54
1999,TEN,19,13,24,112,0,0,0,0,0,0,0,0,5,0,33,197,1,1,1,7,0,13,24,112,0,0,0,0,0,5,0,0,39.38,52.38
1999,TEN,20,13,22,97,1,1,1,0,1,0,0,0,6,0,34,177,2,1,1,8,0,13,22,97,1,1,1,0,0,6,0,1,53.28,66.28
1999,TEN,21,22,36,214,0,0,1,6,0,0,0,0,13,0,35,147,2,0,0,11,0,22,35,214,0,1,0,0,0,13,0,0,56.66,78.66
1999,WAS,1,20,34,382,2,0,2,13,1,1,0,0,14,0,30,135,2,1,1,8,1,20,33,382,2,0,0,0,0,14,0,0,96.97999999999999,116.97999999999999
1999,WAS,2,19,27,220,3,0,0,0,0,0,0,0,13,0,40,159,3,2,0,10,0,19,27,220,3,0,0,0,0,13,0,0,94.7,113.7
1999,WAS,3,17,28,241,0,0,1,4,0,0,0,0,10,0,28,97,3,0,0,7,0,17,28,241,0,0,0,0,0,10,0,0,61.44,78.44
1999,WAS,4,20,33,337,4,0,3,29,0,0,0,0,11,0,31,110,1,0,0,9,0,20,32,337,4,0,0,0,0,11,0,0,104.17999999999999,124.18
1999,WAS,6,24,40,248,1,2,1,5,0,0,0,0,18,0,33,164,1,0,0,6,0,24,39,248,1,1,0,0,0,18,0,0,63.12,87.12
1999,WAS,7,23,35,218,2,0,1,7,0,0,0,0,7,0,14,46,0,0,0,3,0,23,35,218,2,1,0,0,0,7,0,0,55.120000000000005,78.12
1999,WAS,8,17,33,212,2,1,0,0,1,0,0,0,11,0,24,164,3,0,0,6,0,17,30,212,2,0,0,0,0,11,0,0,82.08,99.08
1999,WAS,9,18,36,226,1,1,2,10,1,1,0,0,9,0,13,57,1,0,0,5,0,18,35,226,1,0,0,0,0,9,0,0,49.34,67.34
1999,WAS,10,18,33,313,2,3,4,19,2,2,0,0,9,0,25,118,2,0,0,11,0,18,32,313,2,1,1,0,0,9,0,0,75.62,93.62
1999,WAS,11,16,28,158,0,1,0,0,0,0,0,0,8,0,39,200,1,1,1,10,0,16,27,158,0,0,0,0,0,8,0,0,44.12,60.12
1999,WAS,12,25,36,218,1,1,0,0,0,0,0,0,13,0,32,94,1,1,0,8,0,25,36,218,1,1,0,0,0,13,0,0,53.92,78.92
1999,WAS,13,26,42,249,1,2,5,32,3,1,0,0,10,0,21,116,0,0,0,5,0,26,40,249,1,2,1,0,0,10,0,1,54.46,80.46000000000001
1999,WAS,14,17,31,191,2,2,2,11,1,0,0,0,10,0,44,213,2,0,0,11,0,17,26,191,2,0,0,0,0,10,0,0,76.04,93.04
1999,WAS,15,16,30,237,1,0,4,29,1,0,0,0,11,1,32,151,1,1,0,8,0,16,30,237,1,0,0,0,0,11,1,0,68.28,84.28
1999,WAS,16,32,47,471,2,1,3,17,0,0,0,0,18,0,17,57,1,0,0,5,0,32,47,471,2,2,0,0,0,18,0,0,95.64,127.64
1999,WAS,17,13,20,174,2,0,2,9,0,0,0,0,10,0,29,91,1,1,0,4,0,13,20,174,2,0,0,0,0,10,0,0,59.46,72.46000000000001
1999,WAS,18,14,29,161,1,1,1,8,0,0,0,0,9,0,46,223,2,1,0,11,0,14,27,161,1,0,0,0,0,9,0,0,64.84,78.83999999999999
1999,WAS,19,19,31,146,0,1,3,28,1,1,0,0,8,0,22,44,0,1,0,1,0,19,31,146,0,0,0,0,0,8,0,1,26.84,45.84
